date,symbol,open,high,low,close,volume
2019-01-02,A,63.32522534529135,63.391883186627375,62.18251741805679,62.553897857666016,2113300
2019-01-03,A,62.4015473562483,62.63961216823775,59.04007337338314,60.24944305419922,5383900
2019-01-04,A,61.03027575544362,62.801478074703816,61.03027575544362,62.33487319946289,3123700
2019-01-07,A,62.50626462522099,64.21080868289484,62.477698024754815,63.65849685668945,3235100
2019-01-08,A,64.36318082485309,64.9535840065706,63.51567091578925,64.59172821044922,1578100
2019-01-09,A,64.94406430047368,66.33436890674035,64.75361539654783,65.94393920898438,2442300
2019-01-10,A,65.75350074871403,66.61052821766238,65.32497974907872,66.56291961669922,1080900
2019-01-11,A,65.98203014124773,67.04856288777415,65.6487409283207,67.01998901367188,1210800
2019-01-14,A,66.39149259912739,66.93427988911368,66.34387674739779,66.42005920410156,2182700
2019-01-15,A,66.61050719029485,67.37231721683139,66.29626727462046,67.22947692871094,1793100
2019-01-16,A,67.43896899048528,67.73416689829688,66.62955045073342,66.68668365478516,1480300
2019-01-17,A,66.42957288672505,67.83891177783637,66.42957288672505,67.43896484375,1225800
2019-01-18,A,67.88654178835833,68.85784272599699,67.46754552321732,68.49598693847656,1551700
2019-01-22,A,68.02937377377776,68.0674649991516,67.10568153764778,67.91510009765625,1972700
2019-01-23,A,68.51505116680208,69.37208595778549,67.36281832870947,68.22937774658203,2050300
2019-01-24,A,68.0484193731566,68.75308891715567,67.98176154149667,68.73404693603516,1509600
2019-01-25,A,69.31491462858554,70.21004016996793,69.09589192148815,70.13385772705078,2215300
2019-01-28,A,69.28638669340333,69.78155831837543,68.95309740109887,69.77203369140625,1729600
2019-01-29,A,70.18149532411529,70.52430919383377,69.70536575674637,70.04817962646484,1684500
2019-01-30,A,70.21957248948462,71.98125008268141,69.97199039498332,71.83841705322266,1679500
2019-01-31,A,71.61938742130943,72.66687070597806,71.1051667691648,72.4192886352539,2951300
2019-02-01,A,72.52405611645317,72.93352055248941,72.00983533366026,72.40978240966797,1343900
2019-02-04,A,72.54309360423422,72.5907094620661,71.72415025261293,72.40025329589844,2245900
2019-02-05,A,72.18122333728464,72.85732624523037,72.17169871459289,72.6668701171875,1593500
2019-02-06,A,72.47644757932123,73.02875965351964,72.37169848714012,72.65737915039062,1504900
2019-02-07,A,72.105053529057,72.48595858677267,71.295634822136,71.73367309570312,1660600
2019-02-08,A,71.48606887740118,72.19073836552703,71.19087096990756,72.18122100830078,1318100
2019-02-11,A,72.37167063880534,72.74305099902865,72.13360593275664,72.4478530883789,1018000
2019-02-12,A,73.133495374029,73.56200902539459,72.78115692246281,73.3906021118164,2045500
2019-02-13,A,73.67630070286522,73.79056716302988,73.07637272635475,73.56202697753906,1376400
2019-02-14,A,73.32393744926408,73.59056878665413,72.86684996719609,73.34297943115234,1618100
2019-02-15,A,73.92387810076579,74.57141463878988,73.7715204086689,74.56189727783203,1919700
2019-02-19,A,74.27620987961362,74.58093250133382,73.7143804972884,73.81912231445312,2968000
2019-02-20,A,73.82863790932109,75.03801088818211,73.63818901847596,74.80946350097656,2076500
2019-02-21,A,73.96194962609722,74.82850874291472,72.84780841746824,74.17144775390625,3570800
2019-02-22,A,74.42855014887569,74.7142234253807,74.114303006078,74.67613220214844,2797700
2019-02-25,A,75.13321902483386,76.02833733569878,75.08560317987856,75.55220794677734,1878000
2019-02-26,A,75.42843682735365,75.48557004425166,74.67615132250397,74.7999496459961,1992600
2019-02-27,A,74.51425398506667,75.75219337906084,74.51425398506667,75.6283950805664,1254400
2019-02-28,A,75.39987155130042,75.9426589169026,75.12371555614703,75.6474609375,1759100
2019-03-01,A,76.18073476405458,77.5519903146591,76.18073476405458,77.36153411865234,1625900
2019-03-04,A,77.60910172612083,77.85669107875542,75.73315049743209,76.30450439453125,3204100
2019-03-05,A,76.19977501891006,76.20929964478414,75.57128774927703,75.93314361572266,1405600
2019-03-06,A,76.0093114091549,76.16167633306338,74.97135260937631,74.99039459228516,1750500
2019-03-07,A,74.93326039305892,75.32368279141149,74.28572400528161,74.97135162353516,1818100
2019-03-08,A,74.44759760769729,74.50473081417204,73.7048368628915,74.25714874267578,1483500
2019-03-11,A,74.54282907537495,75.67601954512858,74.52378709313908,75.5141372680664,1210900
2019-03-12,A,75.7807626671642,76.30450068690716,75.38081568514404,76.11405181884766,1532300
2019-03-13,A,76.39021147493357,76.88538291504376,76.1997553324612,76.30450439453125,1529100
2019-03-14,A,76.2378361818514,76.81871462328249,76.2378361818514,76.76158142089844,1268500
2019-03-15,A,76.99967030274179,77.54245769134972,76.97110369257722,77.22821044921875,1999100
2019-03-18,A,77.22820695371828,77.40913849678503,76.6473283561292,77.10441589355469,1617700
2019-03-19,A,77.39009076609173,77.86622029705495,77.1615506254742,77.32343292236328,1172600
2019-03-20,A,77.39959935598125,77.55196426160069,76.4187738878215,77.0567855834961,1768300
2019-03-21,A,76.70446299428188,78.3423423211164,76.70446299428188,78.08523559570312,986600
2019-03-22,A,77.64720423165049,77.78051991816368,75.19989875042998,75.21894073486328,1435800
2019-03-25,A,75.31417632639159,76.04741997582155,74.90471184665522,75.72364807128906,923000
2019-03-26,A,76.55210087090741,77.17107067751414,76.30451149523279,76.79969024658203,1428200
2019-03-27,A,76.65684296813193,76.91394967955384,75.12370552755657,75.22845458984375,1446100
2019-03-28,A,75.59984444251683,75.98074951073325,74.9523080060969,75.8950424194336,1615600
2019-03-29,A,76.33306593754538,76.81871267581387,76.13308520395506,76.54255676269531,1585100
2019-04-01,A,77.2525205534356,78.02542512051949,77.2525205534356,77.82504272460938,1522700
2019-04-02,A,77.96816773319794,78.01588094296795,77.31930739239975,77.42427062988281,1203000
2019-04-03,A,77.80594590360143,78.26396063491784,77.72960768837774,78.18762969970703,2141000
2019-04-04,A,78.09219872654724,78.29258834980084,76.75631643827307,77.12845611572266,2180100
2019-04-05,A,77.47197453040205,78.1685407172552,77.33838629511479,77.73915100097656,1502900
2019-04-08,A,77.83457409338594,77.96816233547726,76.88991230145078,77.94908142089844,783300
2019-04-09,A,77.82504028612155,77.97771674299176,77.5483196680549,77.69145202636719,1254700
2019-04-10,A,77.72006649138598,78.47389001481788,77.72006649138598,77.93953704833984,982900
2019-04-11,A,78.13039544952616,78.16856456839926,77.18573341746594,77.36703491210938,1071500
2019-04-12,A,77.70098856908572,78.30213567952327,77.19526059490619,77.27159881591797,1249300
2019-04-15,A,77.29066929811185,77.41471343050186,76.25058847727163,76.71814727783203,1627300
2019-04-16,A,77.11892266067358,77.25251090793425,73.65515776953457,73.99867248535156,3441500
2019-04-17,A,74.57119508554428,74.73340834687617,71.0501728647946,71.97575378417969,4472000
2019-04-18,A,72.26200864524665,73.03491301586783,71.86123667528334,72.68185424804688,2874100
2019-04-22,A,72.45285154647671,73.20667505265655,71.68948394325301,72.10933685302734,2016000
2019-04-23,A,70.87842514429116,73.28302849814446,70.3822411950914,72.09980773925781,4607100
2019-04-24,A,72.36696556633082,73.12078903431501,71.97574496751095,72.31925964355469,1942700
2019-04-25,A,71.81354799436751,73.51203356623299,71.50820235538063,73.2066879272461,1481400
2019-04-26,A,73.45478805959706,73.9128029062893,72.80592762677078,73.8746337890625,1608900
2019-04-29,A,73.92233030553675,74.847911169145,73.77919796827544,73.78874206542969,2177700
2019-04-30,A,73.89369560189688,74.99102639027272,73.8364383064946,74.9051513671875,1726200
2019-05-01,A,74.89562731523557,75.30593618870222,73.7410389224606,73.9223403930664,1078600
2019-05-02,A,73.86509535446712,74.75250001052919,73.61699973792564,74.61891174316406,946800
2019-05-03,A,74.98149605585185,75.91661369477995,74.98149605585185,75.65898132324219,1303200
2019-05-06,A,74.06546772879953,75.7734972360434,73.67423979875429,75.71623992919922,1624300
2019-05-07,A,74.99103186132552,75.16278920003884,72.54826729296961,73.1589584350586,1732200
2019-05-08,A,73.26394363745978,73.7601348892769,72.6437082126958,73.10173034667969,2243600
2019-05-09,A,72.20477347002613,73.53111935983254,71.42232476323375,73.47386932373047,1717500
2019-05-10,A,73.13034105318481,73.60744401270715,70.69711304761545,73.56927490234375,2849800
2019-05-13,A,72.28111729409416,72.43379377552534,69.8765209516756,70.45858001708984,3547300
2019-05-14,A,71.02153557406272,73.15895445509516,70.89749144507844,72.52918243408203,2557700
2019-05-15,A,64.27531920211688,66.69900340846917,63.20660582041384,64.54249572753906,14523800
2019-05-16,A,64.50431805818216,66.24097252313277,64.50431805818216,66.12647247314453,4567700
2019-05-17,A,65.30586647361444,66.670381459817,65.06731495350921,65.94518280029297,3935700
2019-05-20,A,65.51578981513386,66.76579739057082,65.4967016176382,65.77342224121094,4029700
2019-05-21,A,66.19327979083597,67.21428002683636,65.12456633782026,65.19136047363281,3928200
2019-05-22,A,65.04820671452164,65.49668459895118,64.41843468107663,64.85736846923828,4985400
2019-05-23,A,64.10356276106897,64.74287906767337,63.00622434703768,64.59974670410156,5358500
2019-05-24,A,65.019596220396,66.68945671944053,64.96234619003324,65.22952270507812,3852900
2019-05-28,A,65.29631721473943,65.70662608809872,63.89363322255734,64.00814056396484,2984700
2019-05-29,A,63.54057072350119,64.87646050965967,63.54057072350119,64.21806335449219,3722100
2019-05-30,A,64.4947614691422,64.79057019434985,63.6741512431158,63.826820373535156,2947900
2019-05-31,A,63.2066032669209,64.4661548930366,63.0443899944699,63.979515075683594,2829300
2019-06-03,A,63.9699773157527,64.98143344421302,63.76005081059722,63.922264099121094,2560600
2019-06-04,A,64.5615968421591,64.88602346507692,63.368839057874595,64.83831024169922,4402800
2019-06-05,A,65.46805861290538,65.84974237778705,64.78102929212086,65.21996307373047,2289200
2019-06-06,A,65.38219087640168,66.48907331319518,65.38219087640168,65.99288940429688,2469000
2019-06-07,A,66.508152628003,67.00434380496571,66.15510108133228,66.33639526367188,1547400
2019-06-10,A,66.48907026812783,67.3192320577032,66.18372465817143,67.07113647460938,1477100
2019-06-11,A,68.94139897566474,69.27536969463023,66.61313348342136,66.88031005859375,1748200
2019-06-12,A,66.87075410057675,67.07113647460938,65.77341581229122,67.07113647460938,1546800
2019-06-13,A,67.32877680887506,67.47190917291044,66.68946050020011,67.0806884765625,1886900
2019-06-14,A,67.09021938188344,67.22380763520427,66.54632227050189,66.76579284667969,1602700
2019-06-17,A,67.03296736336313,67.36693798675083,66.68945264216046,67.07113647460938,1149200
2019-06-18,A,67.55777432682636,68.91274483116355,67.33830378710375,68.616943359375,2350400
2019-06-19,A,68.59786811976485,69.39940493791934,68.59786811976485,69.32306671142578,1916700
2019-06-20,A,69.86695269827186,70.05779095407189,69.04633509430863,69.96237182617188,2077800
2019-06-21,A,69.79063751131115,70.17232142886033,69.22765937493789,69.98147583007812,3096200
2019-06-24,A,69.97192799618033,70.30589864146133,68.9509278634561,69.7906265258789,1251600
2019-06-25,A,69.83834405639405,70.25818977355881,69.09406449231406,69.18948364257812,1340400
2019-06-26,A,69.31352881953426,69.82880097448299,68.74100662959607,68.83642578125,1583800
2019-06-27,A,69.22764192772071,69.92420816768059,68.89366403402703,69.83833312988281,1480200
2019-06-28,A,69.90513033423186,71.27918195966191,69.75245388695424,71.25055694580078,3159700
2019-07-01,A,72.29677474400732,72.57410452295717,71.6464859889622,72.46891021728516,2753200
2019-07-02,A,72.53583931398762,72.85142217848657,71.9620569305597,72.30632781982422,1877000
2019-07-03,A,72.545390496392,73.5686378608463,72.39237799896007,73.44432067871094,1153100
2019-07-05,A,73.00441032069314,73.12873479362774,72.00985831343922,72.44019317626953,1493100
2019-07-08,A,72.22979949609393,72.66969943223631,70.28849925545207,70.61363983154297,2217400
2019-07-09,A,70.27896053183706,70.84318514383563,69.91556669932295,70.24070739746094,2092200
2019-07-10,A,70.36502328794427,70.7092941591142,69.93468105096262,70.16419982910156,1785200
2019-07-11,A,70.54671606279173,70.55628116915992,68.35678094697259,68.60541534423828,6562400
2019-07-12,A,68.1654970054661,69.1122379927541,67.73516218289058,68.51933288574219,2542400
2019-07-15,A,67.91687270475677,67.91687270475677,66.45372517950152,67.46741485595703,3955300
2019-07-16,A,66.94143395103619,67.28570476646736,66.3007105485538,66.89361572265625,3067200
2019-07-17,A,67.23788086722412,67.47695739688547,66.5493392944336,66.5493392944336,2402300
2019-07-18,A,66.95101328202405,67.52479566431721,66.61630750035627,67.06576538085938,2713000
2019-07-19,A,67.4960870874407,67.4960870874407,65.60259777678708,65.69822692871094,2694400
2019-07-22,A,65.89905416419504,66.43458322361197,65.46871205913251,66.07118225097656,3103300
2019-07-23,A,66.36763950823924,67.10399193627958,66.13812810542659,66.83622741699219,3304200
2019-07-24,A,66.22421208795184,66.539794921875,65.62174173812977,66.539794921875,3190400
2019-07-25,A,66.70237496448809,66.95101668466604,66.51111659268302,66.79800415039062,1904700
2019-07-26,A,67.06573459578313,67.12311791489905,66.31981711159544,66.46326446533203,2392600
2019-07-29,A,66.46327623556994,67.41958236845583,66.34851687305039,67.2952651977539,2750000
2019-07-30,A,66.22420003108311,67.11356503092325,65.12444651359785,67.08487701416016,2871800
2019-07-31,A,67.12313014450541,67.57259519662118,65.90861726376237,66.37721252441406,3846100
2019-08-01,A,66.58761343728668,67.59173809729431,65.40179551867843,66.18596649169922,2494100
2019-08-02,A,66.09988305307523,66.109440861333,64.60804051269982,65.1053237915039,2803500
2019-08-05,A,63.91950249171474,64.23508528671876,62.7910681872226,62.98232650756836,3273100
2019-08-06,A,63.508306666661895,64.72281249147501,63.15447069916223,64.70368957519531,2436200
2019-08-07,A,63.94819440173365,65.28701716495239,63.57523558968888,65.00012969970703,2172900
2019-08-08,A,65.44004530296505,66.47285793538232,65.12446244927555,66.45372772216797,2014300
2019-08-09,A,65.92777163491131,65.92777163491131,64.85670574149346,65.64087677001953,1866200
2019-08-12,A,65.23922374886351,65.39222897886117,63.5943755741655,63.718692779541016,1961900
2019-08-13,A,63.986463114470254,65.77475136796376,63.59437399824718,64.68456268310547,3164300
2019-08-14,A,63.670869499052586,64.09163927203855,62.4946096452088,62.72412109375,3509700
2019-08-15,A,68.79666451007955,69.47564097879335,66.38676900531269,66.5493392944336,6701000
2019-08-16,A,66.84581661619957,68.0698876004922,65.9468862950928,67.97425842285156,3367100
2019-08-19,A,68.78710274775156,69.12180844633045,68.37589080491549,68.6149673461914,2050400
2019-08-20,A,68.29938441955841,69.10268539052524,67.9933667391989,68.01249694824219,2171200
2019-08-21,A,68.81580711226155,69.1696431039756,68.07945440047031,69.04531860351562,1897400
2019-08-22,A,69.28439197561165,69.59040971504808,68.13682727673465,68.60541534423828,1644000
2019-08-23,A,68.375879300022,68.53844956968676,66.22419079058075,66.5110855102539,2990000
2019-08-26,A,67.04663308240616,67.55347423745236,65.78430909956055,66.59716796875,1827300
2019-08-27,A,66.98923933992104,67.25700385703811,66.09030935014007,66.44414520263672,2032300
2019-08-28,A,66.23378271209585,67.19008910350799,65.80344045833714,66.88407135009766,1674000
2019-08-29,A,67.71602645948961,68.1750565560782,67.40045102012306,67.61083221435547,1611200
2019-08-30,A,68.32807027055631,69.28437640336206,67.72560003346192,68.0029296875,2356400
2019-09-03,A,67.61084900350744,67.93599692267269,66.4441615063694,67.33352661132812,2227800
2019-09-04,A,67.84036886221202,68.10813344939481,66.90318551103447,67.76386260986328,1820600
2019-09-05,A,68.50978675316104,70.48934061803736,68.50978675316104,70.3076400756836,2997900
2019-09-06,A,70.47020666857323,71.12049518062115,70.47020666857323,71.034423828125,3117600
2019-09-09,A,71.1396127804491,71.3308710889846,70.45107119606243,70.93878936767578,2996900
2019-09-10,A,70.2885004091221,71.75164761761957,70.0876769977633,71.50300598144531,2838000
2019-09-11,A,71.78989361805044,73.64512965712711,71.78989361805044,73.6259994506836,2805500
2019-09-12,A,73.6451501285834,74.67795538651032,73.35825532046934,74.18067932128906,4009800
2019-09-13,A,74.19979408585783,74.6397013555839,73.807712340281,74.49625396728516,2673400
2019-09-16,A,73.94161545269684,74.04680974734609,73.11919131055141,73.77904510498047,2874500
2019-09-17,A,73.5877775179997,73.60690773255,72.94705395530771,73.06181335449219,2716800
2019-09-18,A,73.0235495750283,74.18067932128906,72.44020214895761,74.18067932128906,1982600
2019-09-19,A,74.1902558781981,74.73535026091795,73.9416141591914,74.65884399414062,1743700
2019-09-20,A,74.80226316685622,75.29953912100488,74.50581061511585,74.56318664550781,4605500
2019-09-23,A,74.09460183723877,74.96483661777765,73.89377113030845,74.64925384521484,2217000
2019-09-24,A,74.86924284593117,74.96487204449603,72.33502895574118,72.6506118774414,4296700
2019-09-25,A,72.72710080695325,73.21481179211135,71.87598873947526,72.99486541748047,1739200
2019-09-26,A,73.10959542764597,73.59731356153011,72.76532466208496,73.1765365600586,1313300
2019-09-27,A,73.65469342867547,73.93202307627583,72.60275816621538,73.0522232055664,1639800
2019-09-30,A,73.19023805226983,73.89942513960284,73.15190262704444,73.43940734863281,1684600
2019-10-01,A,73.31484868434734,73.68861007309326,71.48436986769246,71.72396087646484,2189100
2019-10-02,A,71.22559640472558,71.43643760788342,69.86472158109729,70.29598236083984,1999400
2019-10-03,A,70.32470816291972,70.80388989360345,69.45260121517647,70.7943115234375,1869400
2019-10-04,A,70.99556930165485,72.74937624830012,70.9763979372282,72.72061920166016,1260800
2019-10-07,A,72.21270494401814,72.53855241139124,71.53226757924294,71.97311401367188,1048000
2019-10-08,A,70.89016807249176,70.89016807249176,68.74343531023516,69.47178649902344,3001900
2019-10-09,A,70.00846923676897,70.76557010410635,69.61553662120961,70.41098022460938,1499700
2019-10-10,A,70.37265534135528,71.3310191579001,70.37265534135528,70.9189224243164,1399900
2019-10-11,A,72.40438586476073,73.03690215187667,72.1072881236024,72.164794921875,1200700
2019-10-14,A,72.04977416992188,72.64396222119395,71.86768275013624,72.04977416992188,829500
2019-10-15,A,72.64395992049069,73.18064116803997,72.52895366241572,72.59603881835938,844900
2019-10-16,A,72.16479678963496,72.72064223459732,71.83894929677447,72.13603973388672,2275500
2019-10-17,A,72.53854990850162,73.0752312342043,71.78144171732269,71.80060577392578,1650000
2019-10-18,A,70.91892000840184,71.70477801872823,70.69849312094188,71.4651870727539,2121900
2019-10-21,A,71.76226389219148,72.36603764101726,71.58017977977373,72.33728790283203,1641500
2019-10-22,A,72.52897838469798,73.15191636607202,71.53227907684676,71.5802001953125,1271800
2019-10-23,A,71.89644426501948,72.73022334765064,71.57060410437848,71.85811614990234,1778300
2019-10-24,A,71.90603856400898,71.98270942689851,71.35977146145888,71.87728881835938,1475100
2019-10-25,A,71.58980211335644,72.80692872999596,71.04353481718222,72.2510757446289,835100
2019-10-28,A,72.53855418953022,73.37232596806312,72.53855418953022,72.97940063476562,1143900
2019-10-29,A,71.92521797907204,73.48734859852749,71.8197973587436,72.99858093261719,1113300
2019-10-30,A,72.87398221947001,72.97940281950125,72.10728827592199,72.95065307617188,914800
2019-10-31,A,72.83562970554868,72.95063596362365,71.97310104932046,72.59603881835938,970500
2019-11-01,A,73.32440475897678,74.12942671369954,73.14231332609381,73.76525115966797,1106300
2019-11-04,A,74.445702287754,74.60862238333905,73.53525957785097,73.54483795166016,1010200
2019-11-05,A,73.62151500115871,73.70777155484228,72.32772518979604,72.4043960571289,2362700
2019-11-06,A,72.54815810334343,72.77817074754,71.81980666526736,72.63441467285156,1355700
2019-11-07,A,73.16146366176149,73.19979907790216,72.52894757477279,72.74937438964844,860900
2019-11-08,A,72.73981036711677,73.4585831823813,72.50021942869527,73.4489974975586,1231500
2019-11-11,A,73.07523650378943,73.65025329589844,72.96023022067355,73.65025329589844,1149200
2019-11-12,A,73.79402071353303,74.32112378618137,73.52567998990709,73.8419418334961,1008400
2019-11-13,A,73.62150207525316,74.27318970969147,73.37232545603806,73.94734954833984,1096000
2019-11-14,A,73.99524072819591,74.22524590776403,73.2956395077541,73.56398010253906,1113500
2019-11-15,A,73.72693073054543,75.04947020159031,73.42025459327115,75.00155639648438,1700400
2019-11-18,A,74.88652451473094,75.2315359652427,74.2731724497619,74.69485473632812,1641200
2019-11-19,A,74.91531525090022,76.18035549121244,74.59905336288782,75.98868560791016,1704800
2019-11-20,A,75.86410744585591,76.0557773456585,74.95365714244866,75.25074768066406,2429800
2019-11-21,A,75.68196536473066,75.68196536473066,74.09107847453075,75.03986358642578,2142200
2019-11-22,A,75.33696189517339,75.8928145285029,74.97278636561296,75.82572937011719,1869700
2019-11-25,A,76.14196413392854,77.10991315074412,75.9982154828888,76.91824340820312,2640800
2019-11-26,A,75.29863352749273,77.65620728667751,74.71403110177279,77.57953643798828,5329900
2019-11-27,A,77.70411682128906,77.95328607481436,77.33035562926764,77.70411682128906,1628000
2019-11-29,A,77.58913492478096,77.8574756277369,77.11953869460808,77.40704345703125,835800
2019-12-02,A,77.41661325703723,77.61786874295731,76.68825484723052,77.0045166015625,1775600
2019-12-03,A,76.20909317390378,76.77453167005503,75.87366727537486,76.76494598388672,1978200
2019-12-04,A,76.95662006455852,77.62747183473222,76.84161377035622,77.56038665771484,1690900
2019-12-05,A,77.52204662223296,78.33665438384551,77.14828532794326,78.1353988647461,1900000
2019-12-06,A,78.81584386288598,78.98834965467245,78.41333278596298,78.78709411621094,1783400
2019-12-09,A,78.91166490391781,79.03625686656831,78.15456400223887,78.22164916992188,1913800
2019-12-10,A,79.4483544450741,80.31088326187772,79.2566773125983,79.47710418701172,3067700
2019-12-11,A,79.47711245133937,79.99462979523493,79.13210088874231,79.94670867919922,1718300
2019-12-12,A,80.01379155927945,81.44175888473973,79.70711543596134,81.2788314819336,1920800
2019-12-13,A,81.14466062738289,81.21174580044736,80.10962597575788,80.2246322631836,1811200
2019-12-16,A,80.95297874063121,81.43216056595827,80.50254665494627,80.93380737304688,1371200
2019-12-17,A,81.23090754330359,81.32674244893215,80.29170791998064,80.45462799072266,1653200
2019-12-18,A,80.2629749773601,80.55048706615257,79.88921364897158,79.956298828125,2025500
2019-12-19,A,80.45463668776041,81.14465978165198,80.0808753971917,80.99132537841797,1696000
2019-12-20,A,81.40342205477654,81.75801197491926,80.80923387718667,81.64301300048828,2287800
2019-12-23,A,81.86342502621906,81.88259639467978,81.2309087899755,81.71009063720703,816000
2019-12-24,A,81.89217705352156,81.89217705352156,81.44175224640568,81.74842834472656,271900
2019-12-26,A,81.75799581954762,82.07425756021031,81.5471546591058,81.89216613769531,649100
2019-12-27,A,82.11262577779169,82.11262577779169,81.56635860379718,81.86344909667969,767700
2019-12-30,A,81.95946891527592,82.01709714999261,81.28720057004315,81.53690338134766,742800
2019-01-02,s&p,2476.9599609375,2519.489990234375,2467.469970703125,2510.030029296875,3733160000
2019-01-03,s&p,2491.919921875,2493.139892578125,2443.9599609375,2447.889892578125,3858830000
2019-01-04,s&p,2474.330078125,2538.070068359375,2474.330078125,2531.93994140625,4234140000
2019-01-07,s&p,2535.610107421875,2566.159912109375,2524.56005859375,2549.68994140625,4133120000
2019-01-08,s&p,2568.110107421875,2579.820068359375,2547.56005859375,2574.409912109375,4120060000
2019-01-09,s&p,2580.0,2595.320068359375,2568.889892578125,2584.9599609375,4088740000
2019-01-10,s&p,2573.510009765625,2597.820068359375,2562.02001953125,2596.639892578125,3721300000
2019-01-11,s&p,2588.110107421875,2596.27001953125,2577.39990234375,2596.260009765625,3447460000
2019-01-14,s&p,2580.31005859375,2589.320068359375,2570.409912109375,2582.610107421875,3689370000
2019-01-15,s&p,2585.10009765625,2613.080078125,2585.10009765625,2610.300048828125,3601180000
2019-01-16,s&p,2614.75,2625.760009765625,2612.679931640625,2616.10009765625,3882180000
2019-01-17,s&p,2609.280029296875,2645.06005859375,2606.360107421875,2635.9599609375,3802410000
2019-01-18,s&p,2651.27001953125,2675.469970703125,2647.580078125,2670.7099609375,4009010000
2019-01-22,s&p,2657.8798828125,2657.8798828125,2617.27001953125,2632.89990234375,3923950000
2019-01-23,s&p,2643.47998046875,2653.18994140625,2612.860107421875,2638.699951171875,3358770000
2019-01-24,s&p,2638.840087890625,2647.199951171875,2627.010009765625,2642.330078125,3449230000
2019-01-25,s&p,2657.43994140625,2672.3798828125,2657.330078125,2664.760009765625,3821000000
2019-01-28,s&p,2644.969970703125,2644.969970703125,2624.06005859375,2643.85009765625,3630820000
2019-01-29,s&p,2644.889892578125,2650.929931640625,2631.050048828125,2640.0,3518070000
2019-01-30,s&p,2653.6201171875,2690.43994140625,2648.340087890625,2681.050048828125,3883270000
2019-01-31,s&p,2685.489990234375,2708.949951171875,2678.64990234375,2704.10009765625,4953800000
2019-02-01,s&p,2702.320068359375,2716.659912109375,2696.8798828125,2706.530029296875,3782490000
2019-02-04,s&p,2706.489990234375,2724.989990234375,2698.75,2724.8701171875,3369450000
2019-02-05,s&p,2728.340087890625,2738.97998046875,2724.030029296875,2737.699951171875,3597620000
2019-02-06,s&p,2735.050048828125,2738.080078125,2724.14990234375,2731.610107421875,3486590000
2019-02-07,s&p,2717.530029296875,2719.320068359375,2687.260009765625,2706.050048828125,4114040000
2019-02-08,s&p,2692.360107421875,2708.070068359375,2681.830078125,2707.8798828125,3649510000
2019-02-11,s&p,2712.39990234375,2718.050048828125,2703.7900390625,2709.800048828125,3395330000
2019-02-12,s&p,2722.610107421875,2748.18994140625,2722.610107421875,2744.72998046875,3843020000
2019-02-13,s&p,2750.300048828125,2761.85009765625,2748.6298828125,2753.030029296875,3684910000
2019-02-14,s&p,2743.5,2757.89990234375,2731.22998046875,2745.72998046875,3845390000
2019-02-15,s&p,2760.239990234375,2775.659912109375,2760.239990234375,2775.60009765625,3648680000
2019-02-19,s&p,2769.280029296875,2787.330078125,2767.2900390625,2779.760009765625,3535270000
2019-02-20,s&p,2779.050048828125,2789.8798828125,2774.06005859375,2784.699951171875,3904830000
2019-02-21,s&p,2780.239990234375,2781.580078125,2764.550048828125,2774.8798828125,3598260000
2019-02-22,s&p,2780.669921875,2794.199951171875,2779.110107421875,2792.669921875,3429350000
2019-02-25,s&p,2804.35009765625,2813.489990234375,2794.989990234375,2796.110107421875,3860260000
2019-02-26,s&p,2792.360107421875,2803.1201171875,2789.469970703125,2793.89990234375,3676200000
2019-02-27,s&p,2787.5,2795.760009765625,2775.1298828125,2792.3798828125,3771790000
2019-02-28,s&p,2788.110107421875,2793.72998046875,2782.510009765625,2784.489990234375,4445780000
2019-03-01,s&p,2798.219970703125,2808.02001953125,2787.3798828125,2803.68994140625,3994950000
2019-03-04,s&p,2814.3701171875,2816.8798828125,2767.659912109375,2792.81005859375,3949730000
2019-03-05,s&p,2794.409912109375,2796.43994140625,2782.969970703125,2789.64990234375,3631380000
2019-03-06,s&p,2790.27001953125,2790.27001953125,2768.68994140625,2771.449951171875,3800180000
2019-03-07,s&p,2766.530029296875,2767.25,2739.090087890625,2748.929931640625,3932150000
2019-03-08,s&p,2730.7900390625,2744.1298828125,2722.27001953125,2743.070068359375,3424300000
2019-03-11,s&p,2747.610107421875,2784.0,2747.610107421875,2783.300048828125,3764850000
2019-03-12,s&p,2787.340087890625,2798.320068359375,2786.72998046875,2791.52001953125,3432340000
2019-03-13,s&p,2799.780029296875,2821.239990234375,2799.780029296875,2810.919921875,3782250000
2019-03-14,s&p,2810.3798828125,2815.0,2803.4599609375,2808.47998046875,3505670000
2019-03-15,s&p,2810.7900390625,2830.72998046875,2810.7900390625,2822.47998046875,5969780000
2019-03-18,s&p,2822.610107421875,2835.409912109375,2821.989990234375,2832.93994140625,3620770000
2019-03-19,s&p,2840.760009765625,2852.419921875,2823.27001953125,2832.570068359375,3650740000
2019-03-20,s&p,2831.340087890625,2843.5400390625,2812.429931640625,2824.22998046875,3779160000
2019-03-21,s&p,2819.719970703125,2860.31005859375,2817.3798828125,2854.8798828125,3612620000
2019-03-22,s&p,2844.52001953125,2846.159912109375,2800.469970703125,2800.7099609375,4253730000
2019-03-25,s&p,2796.010009765625,2809.7900390625,2785.02001953125,2798.360107421875,3406110000
2019-03-26,s&p,2812.659912109375,2829.8701171875,2803.989990234375,2818.4599609375,3288570000
2019-03-27,s&p,2819.719970703125,2825.56005859375,2787.719970703125,2805.3701171875,3422400000
2019-03-28,s&p,2809.39990234375,2819.7099609375,2798.77001953125,2815.43994140625,3185460000
2019-03-29,s&p,2828.27001953125,2836.030029296875,2819.22998046875,2834.39990234375,3752520000
2019-04-01,s&p,2848.6298828125,2869.39990234375,2848.6298828125,2867.18994140625,3560090000
2019-04-02,s&p,2868.239990234375,2872.89990234375,2858.75,2867.239990234375,3267210000
2019-04-03,s&p,2876.090087890625,2885.25,2865.169921875,2873.39990234375,3570000000
2019-04-04,s&p,2873.989990234375,2881.280029296875,2867.139892578125,2879.389892578125,3038740000
2019-04-05,s&p,2884.159912109375,2893.239990234375,2882.989990234375,2892.739990234375,3155970000
2019-04-08,s&p,2888.4599609375,2895.949951171875,2880.780029296875,2895.77001953125,3056460000
2019-04-09,s&p,2886.580078125,2886.8798828125,2873.330078125,2878.199951171875,3032480000
2019-04-10,s&p,2881.3701171875,2889.7099609375,2879.1298828125,2888.2099609375,3092230000
2019-04-11,s&p,2891.919921875,2893.419921875,2881.989990234375,2888.320068359375,2970650000
2019-04-12,s&p,2900.860107421875,2910.5400390625,2898.3701171875,2907.409912109375,3726050000
2019-04-15,s&p,2908.320068359375,2909.60009765625,2896.47998046875,2905.580078125,3114530000
2019-04-16,s&p,2912.260009765625,2916.06005859375,2900.7099609375,2907.06005859375,3403120000
2019-04-17,s&p,2916.0400390625,2918.0,2895.449951171875,2900.449951171875,3648100000
2019-04-18,s&p,2904.81005859375,2908.39990234375,2891.89990234375,2905.030029296875,3507100000
2019-04-22,s&p,2898.780029296875,2909.510009765625,2896.35009765625,2907.969970703125,3010130000
2019-04-23,s&p,2909.989990234375,2936.31005859375,2908.530029296875,2933.679931640625,3674480000
2019-04-24,s&p,2934.0,2936.830078125,2926.050048828125,2927.25,3468480000
2019-04-25,s&p,2928.989990234375,2933.10009765625,2912.840087890625,2926.169921875,3440010000
2019-04-26,s&p,2925.81005859375,2939.8798828125,2917.56005859375,2939.8798828125,3264390000
2019-04-29,s&p,2940.580078125,2949.52001953125,2939.35009765625,2943.030029296875,3150390000
2019-04-30,s&p,2937.139892578125,2948.219970703125,2924.110107421875,2945.830078125,3939760000
2019-05-01,s&p,2952.330078125,2954.1298828125,2923.360107421875,2923.72998046875,3669330000
2019-05-02,s&p,2922.159912109375,2931.679931640625,2900.5,2917.52001953125,3802290000
2019-05-03,s&p,2929.2099609375,2947.85009765625,2929.2099609375,2945.639892578125,3357180000
2019-05-06,s&p,2908.889892578125,2937.320068359375,2898.2099609375,2932.469970703125,3203260000
2019-05-07,s&p,2913.030029296875,2913.030029296875,2862.60009765625,2884.050048828125,3793060000
2019-05-08,s&p,2879.610107421875,2897.9599609375,2873.280029296875,2879.419921875,3543110000
2019-05-09,s&p,2859.840087890625,2875.969970703125,2836.39990234375,2870.719970703125,3659050000
2019-05-10,s&p,2863.10009765625,2891.31005859375,2825.389892578125,2881.39990234375,3566780000
2019-05-13,s&p,2840.18994140625,2840.18994140625,2801.429931640625,2811.8701171875,3900270000
2019-05-14,s&p,2820.1201171875,2852.5400390625,2820.1201171875,2834.409912109375,3354860000
2019-05-15,s&p,2820.3798828125,2858.679931640625,2815.080078125,2850.9599609375,3140900000
2019-05-16,s&p,2855.800048828125,2892.14990234375,2855.800048828125,2876.320068359375,3338470000
2019-05-17,s&p,2858.60009765625,2885.47998046875,2854.22998046875,2859.530029296875,3316040000
2019-05-20,s&p,2841.93994140625,2853.860107421875,2831.2900390625,2840.22998046875,3293750000
2019-05-21,s&p,2854.02001953125,2868.8798828125,2854.02001953125,2864.360107421875,3223050000
2019-05-22,s&p,2856.06005859375,2865.469970703125,2851.110107421875,2856.27001953125,3194000000
2019-05-23,s&p,2836.699951171875,2836.699951171875,2805.489990234375,2822.239990234375,3899320000
2019-05-24,s&p,2832.409912109375,2841.360107421875,2820.18994140625,2826.06005859375,2889230000
2019-05-28,s&p,2830.030029296875,2840.510009765625,2801.580078125,2802.389892578125,4146980000
2019-05-29,s&p,2790.25,2792.030029296875,2766.06005859375,2783.02001953125,3701110000
2019-05-30,s&p,2786.93994140625,2799.0,2776.739990234375,2788.860107421875,3276030000
2019-05-31,s&p,2766.14990234375,2768.97998046875,2750.52001953125,2752.06005859375,3982670000
2019-06-03,s&p,2751.530029296875,2763.070068359375,2728.81005859375,2744.449951171875,3952360000
2019-06-04,s&p,2762.639892578125,2804.489990234375,2762.639892578125,2803.27001953125,3814130000
2019-06-05,s&p,2818.090087890625,2827.280029296875,2800.919921875,2826.14990234375,3570760000
2019-06-06,s&p,2828.510009765625,2852.10009765625,2822.449951171875,2843.489990234375,3445140000
2019-06-07,s&p,2852.8701171875,2884.969970703125,2852.8701171875,2873.340087890625,3244380000
2019-06-10,s&p,2885.830078125,2904.77001953125,2885.510009765625,2886.72998046875,3209890000
2019-06-11,s&p,2903.27001953125,2910.610107421875,2878.530029296875,2885.719970703125,3551000000
2019-06-12,s&p,2882.72998046875,2888.570068359375,2874.679931640625,2879.840087890625,3039870000
2019-06-13,s&p,2886.239990234375,2895.239990234375,2881.989990234375,2891.639892578125,3100640000
2019-06-14,s&p,2886.820068359375,2894.449951171875,2879.6201171875,2886.97998046875,2992810000
2019-06-17,s&p,2889.75,2897.27001953125,2887.300048828125,2889.669921875,2828400000
2019-06-18,s&p,2906.7099609375,2930.7900390625,2905.43994140625,2917.75,3441540000
2019-06-19,s&p,2920.550048828125,2931.739990234375,2911.429931640625,2926.4599609375,3300220000
2019-06-20,s&p,2949.60009765625,2958.06005859375,2931.5,2954.179931640625,3943060000
2019-06-21,s&p,2952.7099609375,2964.14990234375,2946.8701171875,2950.4599609375,5003540000
2019-06-24,s&p,2951.419921875,2954.919921875,2944.050048828125,2945.35009765625,3136960000
2019-06-25,s&p,2945.780029296875,2946.52001953125,2916.010009765625,2917.3798828125,3579430000
2019-06-26,s&p,2926.070068359375,2932.590087890625,2912.989990234375,2913.780029296875,3511350000
2019-06-27,s&p,2919.659912109375,2929.300048828125,2918.570068359375,2924.919921875,3162500000
2019-06-28,s&p,2932.93994140625,2943.97998046875,2929.050048828125,2941.760009765625,5422650000
2019-07-01,s&p,2971.409912109375,2977.929931640625,2952.219970703125,2964.330078125,3524860000
2019-07-02,s&p,2964.659912109375,2973.2099609375,2955.919921875,2973.010009765625,3224490000
2019-07-03,s&p,2978.080078125,2995.840087890625,2977.9599609375,2995.820068359375,1963570000
2019-07-05,s&p,2984.25,2994.030029296875,2967.969970703125,2990.409912109375,2434680000
2019-07-08,s&p,2979.77001953125,2980.760009765625,2970.090087890625,2975.949951171875,2922360000
2019-07-09,s&p,2965.52001953125,2981.89990234375,2963.43994140625,2979.6298828125,3033330000
2019-07-10,s&p,2989.300048828125,3002.97998046875,2984.6201171875,2993.070068359375,3157800000
2019-07-11,s&p,2999.6201171875,3002.330078125,2988.800048828125,2999.909912109375,3155710000
2019-07-12,s&p,3003.360107421875,3013.919921875,3001.8701171875,3013.77001953125,2984140000
2019-07-15,s&p,3017.800048828125,3017.800048828125,3008.77001953125,3014.300048828125,2876100000
2019-07-16,s&p,3012.1298828125,3015.02001953125,3001.14990234375,3004.0400390625,3297030000
2019-07-17,s&p,3005.10009765625,3005.260009765625,2984.25,2984.419921875,3185650000
2019-07-18,s&p,2978.8701171875,2998.280029296875,2973.090087890625,2995.110107421875,3369820000
2019-07-19,s&p,3004.260009765625,3006.02001953125,2975.860107421875,2976.610107421875,3285890000
2019-07-22,s&p,2981.929931640625,2990.7099609375,2976.64990234375,2985.030029296875,3016200000
2019-07-23,s&p,2994.739990234375,3005.89990234375,2988.56005859375,3005.469970703125,3333810000
2019-07-24,s&p,2998.77001953125,3019.590087890625,2996.820068359375,3019.56005859375,3433220000
2019-07-25,s&p,3016.260009765625,3016.31005859375,2997.239990234375,3003.669921875,3657050000
2019-07-26,s&p,3013.25,3027.97998046875,3012.590087890625,3025.860107421875,3260170000
2019-07-29,s&p,3024.469970703125,3025.610107421875,3014.300048828125,3020.969970703125,3224490000
2019-07-30,s&p,3007.659912109375,3017.18994140625,3000.93994140625,3013.179931640625,3632770000
2019-07-31,s&p,3016.219970703125,3017.39990234375,2958.080078125,2980.3798828125,4626330000
2019-08-01,s&p,2980.320068359375,3013.590087890625,2945.22998046875,2953.56005859375,4793810000
2019-08-02,s&p,2943.89990234375,2945.5,2914.110107421875,2932.050048828125,3882810000
2019-08-05,s&p,2898.070068359375,2898.070068359375,2822.1201171875,2844.739990234375,4542850000
2019-08-06,s&p,2861.179931640625,2884.39990234375,2847.419921875,2881.77001953125,4156640000
2019-08-07,s&p,2858.64990234375,2892.169921875,2825.7099609375,2883.97998046875,4512720000
2019-08-08,s&p,2896.2099609375,2938.719970703125,2894.469970703125,2938.090087890625,4118530000
2019-08-09,s&p,2930.510009765625,2935.75,2900.14990234375,2918.64990234375,3356850000
2019-08-12,s&p,2907.070068359375,2907.580078125,2873.139892578125,2882.699951171875,3328570000
2019-08-13,s&p,2880.719970703125,2943.31005859375,2877.050048828125,2926.320068359375,3857190000
2019-08-14,s&p,2894.14990234375,2894.14990234375,2839.639892578125,2840.60009765625,4325150000
2019-08-15,s&p,2846.199951171875,2856.669921875,2825.510009765625,2847.60009765625,4041720000
2019-08-16,s&p,2864.739990234375,2893.6298828125,2864.739990234375,2888.679931640625,3524080000
2019-08-19,s&p,2913.47998046875,2931.0,2913.47998046875,2923.64990234375,3221050000
2019-08-20,s&p,2919.010009765625,2923.6298828125,2899.60009765625,2900.510009765625,3067710000
2019-08-21,s&p,2922.0400390625,2928.72998046875,2917.909912109375,2924.429931640625,3016540000
2019-08-22,s&p,2930.93994140625,2939.080078125,2904.510009765625,2922.949951171875,2893660000
2019-08-23,s&p,2911.070068359375,2927.010009765625,2834.969970703125,2847.110107421875,3942520000
2019-08-26,s&p,2866.699951171875,2879.27001953125,2856.0,2878.3798828125,2859790000
2019-08-27,s&p,2893.139892578125,2898.7900390625,2860.590087890625,2869.159912109375,3537490000
2019-08-28,s&p,2861.280029296875,2890.030029296875,2853.050048828125,2887.93994140625,3102480000
2019-08-29,s&p,2910.3701171875,2930.5,2905.669921875,2924.580078125,3177150000
2019-08-30,s&p,2937.090087890625,2940.429931640625,2913.320068359375,2926.4599609375,3009910000
2019-09-03,s&p,2909.010009765625,2914.389892578125,2891.85009765625,2906.27001953125,3427830000
2019-09-04,s&p,2924.669921875,2938.840087890625,2921.860107421875,2937.780029296875,3167900000
2019-09-05,s&p,2960.60009765625,2985.860107421875,2960.60009765625,2976.0,3902600000
2019-09-06,s&p,2980.330078125,2985.030029296875,2972.510009765625,2978.7099609375,3209340000
2019-09-09,s&p,2988.429931640625,2989.429931640625,2969.389892578125,2978.429931640625,4031120000
2019-09-10,s&p,2971.010009765625,2979.389892578125,2957.010009765625,2979.389892578125,4393040000
2019-09-11,s&p,2981.409912109375,3000.929931640625,2975.31005859375,3000.929931640625,3934370000
2019-09-12,s&p,3009.080078125,3020.739990234375,3000.919921875,3009.570068359375,3796990000
2019-09-13,s&p,3012.2099609375,3017.330078125,3002.89990234375,3007.389892578125,3557010000
2019-09-16,s&p,2996.409912109375,3002.18994140625,2990.669921875,2997.9599609375,4285860000
2019-09-17,s&p,2995.669921875,3006.2099609375,2993.72998046875,3005.699951171875,3673250000
2019-09-18,s&p,3001.5,3007.830078125,2978.570068359375,3006.72998046875,3458800000
2019-09-19,s&p,3010.360107421875,3021.989990234375,3003.159912109375,3006.7900390625,3265660000
2019-09-20,s&p,3008.419921875,3016.3701171875,2984.679931640625,2992.070068359375,6103440000
2019-09-23,s&p,2983.5,2999.14990234375,2982.22998046875,2991.780029296875,3187250000
2019-09-24,s&p,3002.429931640625,3007.97998046875,2957.72998046875,2966.60009765625,3872800000
2019-09-25,s&p,2968.35009765625,2989.820068359375,2952.860107421875,2984.8701171875,3331200000
2019-09-26,s&p,2985.72998046875,2987.280029296875,2963.7099609375,2977.6201171875,3084910000
2019-09-27,s&p,2985.469970703125,2987.31005859375,2945.530029296875,2961.7900390625,3246480000
2019-09-30,s&p,2967.070068359375,2983.85009765625,2967.070068359375,2976.739990234375,3249130000
2019-10-01,s&p,2983.68994140625,2992.530029296875,2938.699951171875,2940.25,3560750000
2019-10-02,s&p,2924.780029296875,2924.780029296875,2874.929931640625,2887.610107421875,3914180000
2019-10-03,s&p,2885.3798828125,2911.1298828125,2855.93994140625,2910.6298828125,3515130000
2019-10-04,s&p,2918.56005859375,2953.739990234375,2918.56005859375,2952.010009765625,3005600000
2019-10-07,s&p,2944.22998046875,2959.75,2935.679931640625,2938.7900390625,2959050000
2019-10-08,s&p,2920.39990234375,2925.469970703125,2892.659912109375,2893.06005859375,3370700000
2019-10-09,s&p,2911.10009765625,2929.320068359375,2907.409912109375,2919.39990234375,2735350000
2019-10-10,s&p,2918.550048828125,2948.4599609375,2917.1201171875,2938.1298828125,3234400000
2019-10-11,s&p,2963.070068359375,2993.280029296875,2963.070068359375,2970.27001953125,3581320000
2019-10-14,s&p,2965.81005859375,2972.840087890625,2962.93994140625,2966.14990234375,2559270000
2019-10-15,s&p,2973.610107421875,3003.280029296875,2973.610107421875,2995.679931640625,3345090000
2019-10-16,s&p,2989.679931640625,2997.5400390625,2985.199951171875,2989.68994140625,3230320000
2019-10-17,s&p,3000.77001953125,3008.2900390625,2991.7900390625,2997.949951171875,3103470000
2019-10-18,s&p,2996.840087890625,3000.0,2976.31005859375,2986.199951171875,3268970000
2019-10-21,s&p,2996.47998046875,3007.330078125,2995.35009765625,3006.719970703125,3271960000
2019-10-22,s&p,3010.72998046875,3014.570068359375,2995.0400390625,2995.989990234375,3527540000
2019-10-23,s&p,2994.010009765625,3004.780029296875,2991.2099609375,3004.52001953125,3413600000
2019-10-24,s&p,3014.780029296875,3016.070068359375,3000.419921875,3010.2900390625,3696510000
2019-10-25,s&p,3003.320068359375,3027.389892578125,3001.93994140625,3022.550048828125,3379060000
2019-10-28,s&p,3032.1201171875,3044.080078125,3032.1201171875,3039.419921875,3524970000
2019-10-29,s&p,3035.389892578125,3047.8701171875,3034.81005859375,3036.889892578125,3594430000
2019-10-30,s&p,3039.739990234375,3050.10009765625,3025.9599609375,3046.77001953125,3779660000
2019-10-31,s&p,3046.89990234375,3046.89990234375,3023.18994140625,3037.56005859375,4149310000
2019-11-01,s&p,3050.719970703125,3066.949951171875,3050.719970703125,3066.909912109375,3956290000
2019-11-04,s&p,3078.9599609375,3085.199951171875,3074.8701171875,3078.27001953125,4178040000
2019-11-05,s&p,3080.800048828125,3083.949951171875,3072.14990234375,3074.6201171875,4490590000
2019-11-06,s&p,3075.10009765625,3078.340087890625,3065.889892578125,3076.780029296875,4465510000
2019-11-07,s&p,3087.02001953125,3097.77001953125,3080.22998046875,3085.179931640625,4151990000
2019-11-08,s&p,3081.25,3093.090087890625,3073.580078125,3093.080078125,3508160000
2019-11-11,s&p,3080.330078125,3088.330078125,3075.820068359375,3087.010009765625,3041120000
2019-11-12,s&p,3089.280029296875,3102.610107421875,3084.72998046875,3091.840087890625,3495560000
2019-11-13,s&p,3084.179931640625,3098.06005859375,3078.800048828125,3094.0400390625,3513720000
2019-11-14,s&p,3090.75,3098.199951171875,3083.260009765625,3096.6298828125,3282090000
2019-11-15,s&p,3107.919921875,3120.4599609375,3104.60009765625,3120.4599609375,3359800000
2019-11-18,s&p,3117.909912109375,3124.169921875,3112.06005859375,3122.030029296875,3440140000
2019-11-19,s&p,3127.449951171875,3127.639892578125,3113.469970703125,3120.179931640625,3613670000
2019-11-20,s&p,3114.659912109375,3118.969970703125,3091.409912109375,3108.4599609375,4041010000
2019-11-21,s&p,3108.489990234375,3110.110107421875,3094.550048828125,3103.5400390625,3744010000
2019-11-22,s&p,3111.409912109375,3112.8701171875,3099.260009765625,3110.2900390625,3235270000
2019-11-25,s&p,3117.43994140625,3133.830078125,3117.43994140625,3133.639892578125,3514310000
2019-11-26,s&p,3134.85009765625,3142.68994140625,3131.0,3140.52001953125,4600450000
2019-11-27,s&p,3145.489990234375,3154.260009765625,3143.409912109375,3153.6298828125,3035470000
2019-11-29,s&p,3147.179931640625,3150.300048828125,3139.340087890625,3140.97998046875,1743420000
2019-12-02,s&p,3143.85009765625,3144.31005859375,3110.780029296875,3113.8701171875,3285750000
2019-12-03,s&p,3087.409912109375,3094.969970703125,3070.330078125,3093.199951171875,3671580000
2019-12-04,s&p,3103.5,3119.3798828125,3102.530029296875,3112.760009765625,3702980000
2019-12-05,s&p,3119.2099609375,3119.449951171875,3103.760009765625,3117.429931640625,3360480000
2019-12-06,s&p,3134.6201171875,3150.60009765625,3134.6201171875,3145.909912109375,3483310000
2019-12-09,s&p,3141.860107421875,3148.8701171875,3135.4599609375,3135.9599609375,3400470000
2019-12-10,s&p,3135.360107421875,3142.1201171875,3126.090087890625,3132.52001953125,3346310000
2019-12-11,s&p,3135.75,3143.97998046875,3133.2099609375,3141.6298828125,3257650000
2019-12-12,s&p,3141.22998046875,3176.280029296875,3138.469970703125,3168.570068359375,4003200000
2019-12-13,s&p,3166.64990234375,3182.679931640625,3156.510009765625,3168.800048828125,3757650000
2019-12-16,s&p,3183.6298828125,3197.7099609375,3183.6298828125,3191.449951171875,4070200000
2019-12-17,s&p,3195.39990234375,3198.219970703125,3191.030029296875,3192.52001953125,3842940000
2019-12-18,s&p,3195.2099609375,3198.47998046875,3191.139892578125,3191.139892578125,4029950000
2019-12-19,s&p,3192.320068359375,3205.47998046875,3192.320068359375,3205.3701171875,3784360000
2019-12-20,s&p,3223.330078125,3225.64990234375,3216.030029296875,3221.219970703125,6457480000
2019-12-23,s&p,3226.050048828125,3227.780029296875,3222.300048828125,3224.010009765625,3064530000
2019-12-24,s&p,3225.449951171875,3226.429931640625,3220.510009765625,3223.3798828125,1296530000
2019-12-26,s&p,3227.199951171875,3240.080078125,3227.199951171875,3239.909912109375,2164540000
2019-12-27,s&p,3247.22998046875,3247.929931640625,3234.3701171875,3240.02001953125,2429150000
2019-12-30,s&p,3240.090087890625,3240.919921875,3216.570068359375,3221.2900390625,3021720000
